1.792961596916534361e+01,-2.830161950193333387e-01,6.911880630877931253e-01,2.366648340447263266e+01
1.641207595960881704e+01,-1.265218687464909397e+00,8.139124209960661716e-02,2.338463362227687981e+01
1.512045849587135216e+01,-2.401071003724092989e+00,-9.322264314904714633e-01,2.293943070551601338e+01
1.445132075333824240e+01,-3.237789047421458566e+00,-1.928207433203425580e+00,2.199132795031995968e+01
1.395137076098539985e+01,-3.710321865893194460e+00,-2.113976650468138985e+00,2.211799044150313875e+01
1.385095101229916281e+01,-3.654487017712917396e+00,-1.853184778500066798e+00,2.182003310285103836e+01
1.234636272660230283e+01,-3.506500298208758082e+00,-2.604980662131629821e+00,2.021389074035853994e+01
1.224134506280616996e+01,-3.634827434174672245e+00,-3.631630858755803271e+00,1.793308228051310849e+01
1.064614264322736048e+01,-2.971028058731452592e+00,-3.647327002339558533e+00,1.612960960023183077e+01
7.235452640574163929e+00,-2.564498250557541326e+00,-3.669208838515836124e+00,1.204377622480635068e+01
2.964470200815263912e+00,-3.089498591766863367e+00,-4.202094873791519802e+00,7.263314648360725378e+00
-1.887586156643158430e+00,-3.821670774056309838e+00,-5.530568976169806916e+00,2.017023713671727503e+00
-7.648148796277581596e+00,-5.120507940100721633e+00,-7.059198312162375366e+00,-5.413862357583710150e+00
-1.357083058135736131e+01,-5.993813338460579843e+00,-7.523154023396067203e+00,-1.190018925350416801e+01
-1.982473919293909148e+01,-7.890574955153048187e+00,-8.300409978988026793e+00,-1.989050906064557367e+01
-2.472133293149192568e+01,-7.896867029141245276e+00,-8.891351560255836617e+00,-2.553657049533482493e+01
-3.148736873917255252e+01,-9.297068025601468833e+00,-1.092038816085998754e+01,-3.282559253264185628e+01
-3.893504571195493469e+01,-1.145020536378965481e+01,-1.301053637669404317e+01,-4.158195573161042802e+01
-4.594646493379944019e+01,-1.291201271616631097e+01,-1.424567697091575802e+01,-4.846213588128216543e+01
-5.249948355642567321e+01,-1.245656457993486477e+01,-1.473160231774170192e+01,-5.285550843687995126e+01
-5.752155438454084901e+01,-1.236697253317812262e+01,-1.562490082084484833e+01,-5.640912249277565849e+01
-6.619967475567483461e+01,-1.575528050716732054e+01,-1.865736522618865934e+01,-6.435405838209533158e+01
-7.242127756683017026e+01,-1.774894537034019493e+01,-2.149672086775217039e+01,-7.042166643656085512e+01
-7.519070543016864860e+01,-1.812275282210412541e+01,-2.264092411654297621e+01,-7.221028582074939095e+01
-7.648484172939258485e+01,-1.781853618540572981e+01,-2.277746631631011454e+01,-7.362209585883415741e+01
-8.080421021324762876e+01,-2.061575515508520695e+01,-2.381242632780108792e+01,-7.774120364045661802e+01
-8.519662259852306363e+01,-2.378387691227600342e+01,-2.702568458591846934e+01,-8.340649050551789401e+01
-8.585422873995048576e+01,-2.331462513196612107e+01,-2.831181454733089708e+01,-8.472363160795727310e+01
-8.831195382971998242e+01,-2.339331979492280311e+01,-3.018268679557129985e+01,-8.727099264672715151e+01
-9.464399908160781649e+01,-2.500647691641220760e+01,-3.285103973283300860e+01,-9.224306995672252185e+01
-1.018547208170173235e+02,-2.678299203377623883e+01,-3.683247740443589180e+01,-9.742698366886499173e+01
-1.016048232527492701e+02,-2.709246395192627688e+01,-3.775729840399449699e+01,-9.797243807096624835e+01
-1.006844198405704560e+02,-2.717662157726600825e+01,-3.882444369228494452e+01,-1.001057512159491552e+02
-1.012410548593371828e+02,-2.776408074362313982e+01,-3.981088682980657012e+01,-9.759289532803443024e+01
-1.077698903743694956e+02,-3.091849568815111482e+01,-4.453263197480231383e+01,-9.911170983431863135e+01
-1.082917315683011452e+02,-3.082123630514317369e+01,-4.574614505686264465e+01,-9.936272665713421759e+01
-1.020029249669172913e+02,-2.752815331415149203e+01,-4.292329694574856802e+01,-9.556112107274884693e+01
-1.046714159802835837e+02,-2.969810169745624151e+01,-4.433876614128612204e+01,-9.815843703457017000e+01
-1.131292591224293318e+02,-3.353966397827407064e+01,-4.798850561798989389e+01,-1.020347904621412454e+02
-1.203318490495607449e+02,-3.517942689013687385e+01,-5.360715614704512433e+01,-1.057132725018899606e+02
-1.208227630466136731e+02,-3.473685379671129425e+01,-5.507191157022291605e+01,-1.054711443637186647e+02
-1.194344840391966471e+02,-3.474639654987088733e+01,-5.421215341555804201e+01,-1.031212022144023877e+02
-1.188267928360918830e+02,-3.735392690751739053e+01,-5.556927285096042368e+01,-1.020957087195383366e+02
-1.196305397981588357e+02,-3.864505196439579748e+01,-5.809375566371434729e+01,-1.019374010164139719e+02
-1.179346656359206662e+02,-3.972517543769436799e+01,-6.002822046639121822e+01,-9.888434831659760960e+01
-1.138368407827444599e+02,-3.986606955910598771e+01,-6.069069076813607211e+01,-9.414516297887196572e+01
-1.107638980430618858e+02,-4.183135009208601929e+01,-6.164235875634602735e+01,-9.100157727154756060e+01
-1.080426607684734819e+02,-4.402900781035058486e+01,-6.386767411833008623e+01,-8.912379707983940591e+01
-1.033709630194482969e+02,-4.656488037388222523e+01,-6.690864936226664383e+01,-8.708684496765835092e+01
-9.960311147576260282e+01,-4.666118355228062597e+01,-7.000436705054418951e+01,-8.632287194350710990e+01
-9.824775801638361372e+01,-4.526584478200621930e+01,-7.228293938837877874e+01,-8.517422839592694572e+01
-1.012754110040680047e+02,-4.738342458940252300e+01,-7.634962168814679728e+01,-8.529288885109066598e+01
-1.025896615123751729e+02,-5.175999077689494499e+01,-7.460722475124946129e+01,-8.246281708578557357e+01
-1.034861920985290880e+02,-5.369281824349866383e+01,-7.495265719032543927e+01,-8.155715709639839872e+01
-1.030412304913095909e+02,-5.535056267648002404e+01,-7.579684123098415682e+01,-7.821053363045449203e+01
-9.668882659600399165e+01,-5.250927090790326446e+01,-7.298732608619879159e+01,-7.074019467218319335e+01
-9.441877771601146208e+01,-5.073727459376706861e+01,-6.954385561892409839e+01,-6.728074308181254537e+01
-9.419445115318859507e+01,-5.215141317721815994e+01,-7.024111471930139317e+01,-6.791243839231226787e+01
-9.066033423909448175e+01,-5.326083298333866622e+01,-6.985396695844276849e+01,-6.629875023473779549e+01
-8.337822754550791160e+01,-4.935260879845270665e+01,-6.886203701825608903e+01,-6.069535056433028331e+01
-8.044886960495813355e+01,-4.560012035654157359e+01,-7.018887668016981252e+01,-5.706545974018913370e+01
-8.320879963654977018e+01,-4.373192895954611004e+01,-7.369995490777547786e+01,-5.856020750691779853e+01
-8.708412843379248613e+01,-4.494406763397873306e+01,-7.560272695362887418e+01,-5.877296482493800767e+01
-8.541106000623589978e+01,-4.661652865391857858e+01,-7.326021015903326372e+01,-5.535733435609815700e+01
-8.194165599131257238e+01,-4.699018387596757407e+01,-7.364350653982249639e+01,-5.163853193920478901e+01
-7.982724375140303152e+01,-4.805910578736590111e+01,-7.393618207226445804e+01,-4.741100942244111138e+01
-8.085552781839980696e+01,-4.921515228115669061e+01,-7.490813679503189348e+01,-4.530697130443818565e+01
-7.819200287509788438e+01,-4.970558576734585898e+01,-7.273728709004471682e+01,-4.320568423353648768e+01
-7.207381793725851082e+01,-4.859348399218796288e+01,-6.736371245838148525e+01,-3.746892084103916432e+01
-7.216611174251197269e+01,-4.811417859077943859e+01,-6.385716824199031549e+01,-4.151376124682469282e+01
-7.634005585003296801e+01,-5.032341225015549213e+01,-6.653993650647275615e+01,-4.278461386664628918e+01
-7.757039216040614349e+01,-5.161340772140740540e+01,-6.860903777928690772e+01,-4.467549462254163473e+01
-7.487036297112003069e+01,-5.071790137064724746e+01,-6.368757419896252969e+01,-4.213135494285748450e+01
-7.202436200897416541e+01,-4.957259998880999774e+01,-5.935606102491129832e+01,-3.684068545702301378e+01
-6.840277909310266580e+01,-4.705824371369457282e+01,-5.703196787629761388e+01,-3.326117972310512982e+01
-6.935195511967195614e+01,-4.672716120947588792e+01,-5.978672871340785377e+01,-3.585156049353333430e+01
-7.032168577556062417e+01,-4.515656629931106636e+01,-6.025710297055756115e+01,-3.786872513709208476e+01
-6.862229644936995498e+01,-4.518213702244307939e+01,-5.951371618644395767e+01,-3.717769294111871403e+01
-6.815186342597111491e+01,-4.578284792423564653e+01,-5.856325087157474485e+01,-3.649886786427948238e+01
-6.077686942112416091e+01,-4.252661616916961407e+01,-5.559600008268668603e+01,-3.277157778770959595e+01
-5.659788463265749670e+01,-4.378803892717392188e+01,-5.540182327676105700e+01,-3.084784668927397888e+01
-5.847383120655862854e+01,-4.117761909352766025e+01,-5.383378805711775072e+01,-3.167914002865262546e+01
-5.659140606698569087e+01,-4.082367411033703064e+01,-5.112572310007887921e+01,-3.246500711303256281e+01
-5.820617952599592826e+01,-4.170759824210778532e+01,-4.932125002116881518e+01,-3.297537213816944757e+01
-6.455004335745458377e+01,-4.422286856443721348e+01,-4.936646559076502427e+01,-3.661740028571949068e+01
-6.249439983109632379e+01,-4.434434296151447796e+01,-4.817369586042198648e+01,-3.701033504391050855e+01
-5.917954706989024771e+01,-4.099581041065138720e+01,-4.487774493886845306e+01,-3.709363230996219585e+01
-6.019391982132114549e+01,-3.877540887487455024e+01,-4.579623055779504881e+01,-3.791606911171432870e+01
-5.943484421982253707e+01,-3.863253109280091024e+01,-4.692854304051934378e+01,-3.560069750628285590e+01
-5.836317526250573451e+01,-4.102517364258517318e+01,-4.877540278285263042e+01,-3.715896125934604299e+01
-5.675567201290063934e+01,-3.994919783472047214e+01,-4.632349675314522841e+01,-3.873355317011594678e+01
-5.254397788930517521e+01,-3.604959939635923405e+01,-4.079714949904570176e+01,-3.528456292215560808e+01
-5.168100352939229225e+01,-3.377657593960479687e+01,-3.803296527919079750e+01,-3.312622801071427148e+01
-5.094380579879101134e+01,-3.212443851454072075e+01,-4.029184163291602516e+01,-3.597258924052511020e+01
-4.970651246293666503e+01,-3.236048627551119949e+01,-3.950238296454939757e+01,-3.673248272744334031e+01
-4.923355482525550997e+01,-3.230579837230266094e+01,-3.974419382736560635e+01,-3.718416143516463279e+01
-4.614845197577763969e+01,-3.397614583503830232e+01,-4.099513646612643214e+01,-3.494561926893604920e+01
-4.665515179642850541e+01,-3.819899673101968318e+01,-4.191276727349801234e+01,-3.537156021719945898e+01
-4.792470080575262870e+01,-3.957313823351573490e+01,-4.144281428007487733e+01,-3.388692206022425069e+01
-5.141383192408610370e+01,-3.688928962392330391e+01,-4.199950270531357432e+01,-3.300708046170541365e+01
-4.680110712753381108e+01,-3.178303133918012691e+01,-3.902585604716526291e+01,-2.868890886756572556e+01
-4.641547460947702319e+01,-3.051722753774174635e+01,-3.597430385127065477e+01,-2.961590649223158422e+01
-4.581620997794978933e+01,-2.934534363311389882e+01,-3.169524360868794233e+01,-2.828884630712839865e+01
-4.869134808660382419e+01,-3.061866418906413756e+01,-3.217011856652531065e+01,-3.140099472346978970e+01
-4.629813891961034500e+01,-2.915986574295143541e+01,-3.217209215624220775e+01,-3.099951212246270771e+01
-4.331953135612918260e+01,-2.755218575822618732e+01,-3.429241253375210619e+01,-3.141500246414231512e+01
-3.986640448848620366e+01,-2.670743410839166287e+01,-3.581123836221068757e+01,-3.069277767510309118e+01
-4.304561277439765377e+01,-2.882982929108533554e+01,-3.722581867599368621e+01,-3.133231579622878371e+01
-4.703020980246814275e+01,-3.106796933745682665e+01,-3.871721372277838924e+01,-3.913443781102351693e+01
-4.811783245853720103e+01,-2.760703173452548853e+01,-3.905205941115289647e+01,-3.970452748372242269e+01
-4.610612199145337087e+01,-2.416867603582764090e+01,-3.582381619651844318e+01,-3.547815567040945695e+01
-4.341129916077565554e+01,-1.873221032805555453e+01,-3.295727286650054566e+01,-3.336669516057330753e+01
-4.306622782425580453e+01,-1.528076725302354077e+01,-2.904033669597788503e+01,-3.303468262868088345e+01
-4.156010175758569147e+01,-1.156328367957373082e+01,-2.595398345644369442e+01,-3.074023357863819328e+01
-3.555681500356066493e+01,-7.769804784595396363e+00,-2.445429902063346717e+01,-2.779099351477266566e+01
-2.926775408247666022e+01,-6.736699505563642276e+00,-2.580235070467169223e+01,-2.356668274350890258e+01
-3.203555596482353707e+01,-8.258444097250555060e+00,-3.233490921273042318e+01,-2.787808579744455528e+01
-3.457824327025250000e+01,-6.034197285608560613e+00,-3.323839944716964112e+01,-2.866291061060350032e+01
-3.730615328379874285e+01,-8.206451170109476223e+00,-3.087008886376236205e+01,-2.896673133101228359e+01
-3.463036049042168685e+01,-6.928999731548395324e+00,-2.954300448338080187e+01,-2.631013661936857417e+01
-3.543735066471952422e+01,-6.462909997231602865e+00,-3.403794335408151994e+01,-2.667493941038708272e+01
-3.987245632304648524e+01,-1.041104839352169797e+01,-3.426478278248359288e+01,-2.893903764073000318e+01
-4.362166733711842426e+01,-1.119303718113997093e+01,-3.294567987752200366e+01,-3.563731786067453555e+01
-3.803587683260548147e+01,-7.493406419740680668e+00,-3.057797497547209176e+01,-3.864588548729039985e+01
-3.020171364414845172e+01,-3.791538207922825254e+00,-3.065854791883528208e+01,-3.411856261291071490e+01
-2.132947602016179189e+01,-1.031585818831729950e+00,-2.548444586959380231e+01,-2.738563671450367920e+01
-2.232513762067024743e+01,5.293604496269397330e-01,-2.260335899752027444e+01,-3.003712986167885290e+01
-2.280102440714821910e+01,2.348859266462089312e+00,-1.964855821678865766e+01,-3.267238929054995822e+01
-1.796230444458685582e+01,2.001816843987297201e+00,-1.772217220164046125e+01,-2.954922935487107694e+01
-1.328275544315086165e+01,5.607314260993317312e+00,-1.478702479096653377e+01,-2.126655447788191466e+01
-1.300362302476316678e+01,9.500481841708836583e+00,-1.545322584723182047e+01,-2.071404059701094269e+01
-1.668181510226833097e+01,8.546712938056602482e+00,-1.664829382614809106e+01,-2.365801608764985176e+01
-2.093808394905743953e+01,5.755708030857289437e+00,-1.982939194129430405e+01,-2.703801897034099966e+01
-3.267588326295007306e+01,-1.238339139833512847e+00,-2.716198820551670323e+01,-3.586315996764009384e+01
-3.855013894771064997e+01,-3.393428410908940318e+00,-3.124298249221163815e+01,-4.179547713929717645e+01
-3.457355632395092471e+01,2.768221235211493880e+00,-2.889008738089111361e+01,-4.059957833197463373e+01
-3.268368311491163070e+01,4.739802986159535436e+00,-2.435385236468639292e+01,-4.013606277222228158e+01
-2.907312293940577419e+01,4.090264948555723201e+00,-2.019029854052290673e+01,-3.910786052333349971e+01
-2.576807739010364529e+01,5.692291470150293797e+00,-1.915642742403966992e+01,-4.068187867858829776e+01
-1.948406833192257892e+01,1.242085180437804759e+01,-1.901443186666405083e+01,-3.750378997517205448e+01
-1.541660867981338789e+01,1.421072997726524001e+01,-1.516797554470556086e+01,-2.919545701482975275e+01
-1.770453879664736618e+01,1.429455055752413450e+01,-1.295854738404469764e+01,-2.779739454880041194e+01
-1.751017857224188745e+01,1.420807703227176155e+01,-1.198181588781428530e+01,-2.797916414519082196e+01
-2.170517706837283356e+01,1.261945948614223489e+01,-1.248564714066976933e+01,-3.044350753095188722e+01
-2.878115723903836809e+01,1.282062409330755770e+01,-1.121982425771749270e+01,-3.283297725172553072e+01
-3.406799573235158363e+01,1.015106093132482457e+01,-1.172086896919551435e+01,-3.851214269123708078e+01
-3.317407805497311557e+01,1.076984269033561326e+01,-1.073044152786684258e+01,-4.139511936613266840e+01
-2.865875456817809308e+01,1.268268717959774783e+01,-7.770274078823860009e+00,-4.042693415936253132e+01
-2.967900395641584410e+01,1.170942153237610661e+01,-1.255792472004772975e+01,-4.245846501117009808e+01
-2.903611789306486912e+01,9.345840938199565073e+00,-1.347366771896378168e+01,-4.030401871749219112e+01
-2.615163991531447252e+01,1.001042911398139346e+01,-1.760139454244186652e+01,-3.777425201649428743e+01
-2.370020292000483764e+01,1.442087172147634355e+01,-2.022828560051286217e+01,-3.839428626373648257e+01
-3.119030542183324073e+01,1.887590140658448590e+01,-2.374420763455329464e+01,-4.411310074652904945e+01
-3.512075022603686136e+01,2.080015228378036696e+01,-2.488864666894740196e+01,-4.484933419136600463e+01
-3.087768870310580738e+01,2.209600304431790008e+01,-2.215464176546261044e+01,-4.028661059440990755e+01
-2.569395736304089439e+01,2.525339292524641621e+01,-2.183174275843107637e+01,-3.569236037345793733e+01
-2.185931786634000318e+01,2.644058812923119106e+01,-2.172504277532423700e+01,-3.173254832811359094e+01
-2.406691220146455024e+01,2.397268480981309224e+01,-2.405864003213552493e+01,-3.451083929556845931e+01
-2.560722984693716242e+01,2.569463459486761181e+01,-2.666139379876293347e+01,-3.595720977396127438e+01
-2.642572178959504114e+01,2.543296552423383972e+01,-3.220746553719342131e+01,-3.764581600929043503e+01
-2.853017693960181944e+01,2.777471227886244876e+01,-3.091171400727156637e+01,-3.610015480070765648e+01
-2.678714527562455316e+01,3.155113269923983310e+01,-2.914593086241086439e+01,-3.209698179789624106e+01
-2.538301585897195878e+01,3.849343316350658739e+01,-2.718927798952737263e+01,-2.996342411179231746e+01
-3.099891487197065842e+01,4.779253154706881901e+01,-2.650249201016090694e+01,-3.189041535939782435e+01
-3.482873679705340919e+01,4.896806265256400792e+01,-2.707870832491220270e+01,-3.762386121362111879e+01
-3.720926125842495935e+01,4.709715351550826057e+01,-2.411065670095446478e+01,-4.226367371516684557e+01
-3.863142948937507271e+01,4.873062416878160974e+01,-2.289897433015424255e+01,-4.596661923776281355e+01
-3.550070936028796353e+01,5.526939071883686694e+01,-1.916076812790416639e+01,-4.075860653534945044e+01
-3.373902388775776728e+01,5.444278040363149529e+01,-2.654537197687348637e+01,-4.138714057492142473e+01
-3.278051992501010403e+01,5.248326307503501198e+01,-2.996845634202908570e+01,-4.561417902666576651e+01
-3.369473373969285035e+01,5.242351420819244368e+01,-2.911460830143552414e+01,-4.616690885002762457e+01
-3.222163661201555129e+01,5.910895126934062205e+01,-2.302526051582034938e+01,-3.917129586924348672e+01
-3.113335758386629948e+01,6.109484793323009200e+01,-2.095362985726852756e+01,-3.434567220243108210e+01
-2.977320018870149809e+01,6.108236190068456750e+01,-2.253509928315297728e+01,-3.525231090766843778e+01
-2.538241901348058249e+01,6.011327949088073552e+01,-2.234544155703167334e+01,-3.499962147393662804e+01
-2.536873876078712442e+01,5.908647575337052871e+01,-1.954662241696846436e+01,-3.591388604620494363e+01
-3.114333859040762675e+01,5.993415573683348185e+01,-2.491757976649837403e+01,-4.036668088177173530e+01
-3.780745537441833193e+01,6.040413286412414351e+01,-3.039067986041594693e+01,-4.716379584133446201e+01
-4.124597651841624923e+01,5.972559381823376157e+01,-3.241960851846935299e+01,-4.855171781475922899e+01
-4.219302076685914216e+01,5.462781227749235313e+01,-3.114289398632540795e+01,-4.778615853785398571e+01
-3.995633977240715495e+01,6.017813640319193524e+01,-2.791225843483036684e+01,-4.431560787925869960e+01
-3.587952422278374343e+01,6.825222937410875090e+01,-2.780281000462039387e+01,-3.994531009181599046e+01
-3.263821390501448860e+01,7.040372488750540469e+01,-2.517218388503770754e+01,-3.467608433534848444e+01
-3.109573529992489327e+01,6.516046690866016888e+01,-2.339894736562625965e+01,-3.186940771230947078e+01
-2.951052811383245356e+01,6.090710908714309113e+01,-2.320273419838986584e+01,-3.180762312977959638e+01
-3.287656748594728384e+01,6.196861049844736158e+01,-2.696654153020178057e+01,-3.727289067416032253e+01
-3.564349947750058334e+01,6.304809672577363244e+01,-2.999751876305440490e+01,-4.135712127762382551e+01
-3.962351584540821392e+01,6.376209796382126882e+01,-3.179082947626882216e+01,-4.583342713773594568e+01
-3.921193144622896654e+01,6.414968419826421098e+01,-2.878362708206968534e+01,-4.438575598063645344e+01
-3.873705908171626078e+01,6.739726929265293620e+01,-2.650601677875913609e+01,-3.979359407233983603e+01
-3.598481929173259886e+01,7.205805304309497217e+01,-2.282479423355471582e+01,-3.501017347182386885e+01
-3.200724060755528200e+01,7.946262410683743838e+01,-1.807114711817279229e+01,-3.013165577219435320e+01
-3.535021580020146104e+01,7.846261600160509886e+01,-2.066756810939132905e+01,-3.386974072258010438e+01
-3.851215144876859853e+01,7.297144862666459630e+01,-2.256262293314333434e+01,-3.581409380402761400e+01
-4.346197874532605709e+01,6.651265339880508520e+01,-2.566496846141869526e+01,-4.083091464139407378e+01
-4.258233855490858133e+01,6.748952960305793169e+01,-2.600436208203860744e+01,-4.438609833457913822e+01
-4.058088284623516273e+01,6.328462732975810923e+01,-2.849676131552993752e+01,-4.844050729476557393e+01
-4.067918002653902221e+01,6.375406274501968795e+01,-2.739525434801141657e+01,-5.065839470236295483e+01
-4.094546190425892718e+01,6.667427640488915586e+01,-2.213456993399737982e+01,-4.951944405231217416e+01
-4.138141828905980191e+01,6.883535262639668417e+01,-2.016669298030994995e+01,-4.770418696228924915e+01
-4.129829189378262555e+01,7.379688817002541157e+01,-2.142164708330791356e+01,-4.882941907689939143e+01
-4.361719800741627751e+01,7.648022318613648451e+01,-2.353066924116552983e+01,-5.017179992857356297e+01
-4.505602120820869771e+01,7.908837756318652623e+01,-2.356315212203595522e+01,-4.943061960800287125e+01
-4.321016434587192379e+01,8.035765351772037945e+01,-1.907413805025358400e+01,-4.411711137253402626e+01
-4.018540174648101271e+01,8.879608934023575273e+01,-1.529018189506661685e+01,-3.975716770416524781e+01
-4.395795947697786943e+01,8.752615673466556245e+01,-1.601124499459710293e+01,-4.230762141673049115e+01
-4.789418384366668846e+01,8.358567174478950790e+01,-1.897588111549748291e+01,-4.459349223405893525e+01
-4.673849684203643307e+01,8.149026969233749185e+01,-2.059834615747903896e+01,-4.402760294156671961e+01
-4.206468978291418637e+01,8.814910605687452971e+01,-1.712258594894283803e+01,-4.061877024742375397e+01
-4.140818130030766753e+01,9.357806414524394256e+01,-1.716873624389963382e+01,-4.056821640541978269e+01
-4.338680591591754165e+01,9.350145211577944337e+01,-1.915515826459508020e+01,-4.192095341959418420e+01
-4.413929299706493481e+01,9.054764155854711305e+01,-1.808856383632917186e+01,-4.376373685704359673e+01
-4.784309354798337921e+01,8.977567684578924911e+01,-1.743722723050673196e+01,-4.998242754078222561e+01
-5.222898095312419997e+01,9.086069783004654710e+01,-1.925095278193018444e+01,-5.625792358822518935e+01
-5.523918172653343817e+01,9.031869353659608635e+01,-2.181572710024279260e+01,-5.991221596866878940e+01
-5.342608880928443682e+01,9.263519299087595016e+01,-2.007696631280284905e+01,-5.688204867994746650e+01
-5.237024241039034678e+01,9.293323459913688112e+01,-1.811162670755293291e+01,-5.426657380322189539e+01
-5.385592244555963504e+01,9.408678499145635499e+01,-2.000758394349817237e+01,-5.376952937148727329e+01
-5.628893318859083905e+01,9.431718534914132590e+01,-2.399278329953376598e+01,-5.435555638506508558e+01
-5.634077548357331722e+01,9.311498421154647076e+01,-2.838683197350755449e+01,-5.495459017858930650e+01
-5.390245140643332178e+01,9.163929780641863942e+01,-2.785464684275606473e+01,-5.344053277925781487e+01
-5.371017121783976478e+01,9.182159911253184248e+01,-2.648886425201999373e+01,-5.242718622396805017e+01
-5.562698936732653010e+01,9.053468920402933406e+01,-2.591237899589483717e+01,-5.252545856831780924e+01
-5.874798898059480479e+01,8.896115762335053034e+01,-2.683558571253508873e+01,-5.285496791991008081e+01
-5.453070581378663206e+01,8.803693939576119476e+01,-2.594848744480424330e+01,-5.082148252603517591e+01
-5.308553327972807523e+01,8.877443991912508636e+01,-2.433643008279476661e+01,-4.707793567480953101e+01
-5.080461917791895843e+01,9.037509528089765354e+01,-2.222427382726274914e+01,-4.708278648004785083e+01
-5.284213399282586465e+01,8.957034063481705743e+01,-2.408432489005997468e+01,-5.010731069698321249e+01
-5.426003810769905300e+01,8.893901879504312546e+01,-2.567695405603383207e+01,-5.371984400465560583e+01
-5.503222216338502903e+01,8.688261483201597457e+01,-2.827164304972619036e+01,-5.704062653869296895e+01
-5.289766113055205921e+01,8.562592855915708867e+01,-2.639642614732426296e+01,-5.745930934047368766e+01
-5.035489005233131365e+01,8.570778577433470957e+01,-2.410574254383919524e+01,-5.272305849934241451e+01
-5.139631257523216590e+01,8.433413493477620193e+01,-2.534310595441433733e+01,-5.298681487317156780e+01
-5.318068467761556661e+01,8.198466909724808716e+01,-2.755682531490706921e+01,-5.608613965728773110e+01
-5.709404332609138777e+01,7.971616317342213165e+01,-3.113782026286838445e+01,-5.799717166028142401e+01
-5.527487534318428430e+01,8.076289931940722511e+01,-3.053654454298661491e+01,-5.420297243070885429e+01
-5.412877206381950401e+01,8.080413137440136495e+01,-2.837175169221063697e+01,-5.048584935494202597e+01
-5.335047856410650269e+01,8.064827712665913850e+01,-2.674016615270322461e+01,-4.824941525768618789e+01
-5.513978124651475810e+01,7.720276681704233113e+01,-2.786914310616328905e+01,-5.140206263443915446e+01
-5.702671505017540454e+01,7.393472760139279387e+01,-3.032241560218169596e+01,-5.667278308139557197e+01
-5.501784618349114453e+01,7.531602475579846612e+01,-3.249840778288088217e+01,-5.590514191554314039e+01
-5.124533796065744440e+01,7.694726605390651741e+01,-3.117850494837222541e+01,-5.107198369696588003e+01
-4.887596007947909271e+01,7.484793897923088934e+01,-2.774332807030710413e+01,-4.771445797206192196e+01
-5.095753076137685866e+01,7.121943449293245010e+01,-2.597486660220764065e+01,-4.983825571772405283e+01
-4.871697986150358162e+01,7.194021406519813411e+01,-2.219750430953016007e+01,-4.764461432627086168e+01
-4.958332054203251715e+01,7.472554838468616367e+01,-2.070832799233933841e+01,-4.832069434204532854e+01
-5.007482199701174608e+01,7.883366956745463483e+01,-2.061137572773512261e+01,-4.896513370038673685e+01
-5.229162408093733916e+01,7.527543897687517926e+01,-2.145430236814529579e+01,-5.398416777826569302e+01
-5.375692194942229207e+01,7.668401035862879667e+01,-2.096191682580548488e+01,-5.931585379490252308e+01
-5.512027036997508134e+01,7.615292029297739873e+01,-1.932324620102415835e+01,-5.989452666412864090e+01
-5.747816662525419673e+01,7.264498098936256554e+01,-1.922774921487761546e+01,-5.922627146297578093e+01
-5.281232670755557024e+01,6.515773433978147011e+01,-1.771528427112015791e+01,-5.301772030766136368e+01
-4.657214486593274927e+01,6.571558162559075811e+01,-1.676699279010122368e+01,-4.763677790268960166e+01
-4.340132877894883023e+01,6.928763003687153343e+01,-1.590962147006713145e+01,-4.463041269613122353e+01
-4.240579136364770108e+01,7.182262583855420246e+01,-1.457775857824004184e+01,-4.504495820075050005e+01
-4.041254067897052238e+01,7.062698336763973828e+01,-1.317274511017361505e+01,-4.537304312135787399e+01
-3.877165035289945649e+01,7.001274990369702778e+01,-1.154441857891663936e+01,-4.535995923109106087e+01
-3.922174915901266701e+01,7.184705035475103330e+01,-1.255855835197777282e+01,-4.731138908480949112e+01
-4.192708548979040017e+01,7.317845840492434206e+01,-1.261062786680081338e+01,-4.931114932163307429e+01
-4.535644747087635409e+01,7.348802299505699409e+01,-1.424481117941702735e+01,-5.061185160251644533e+01
-4.478723520938135749e+01,7.501275332494758175e+01,-1.503306193093653143e+01,-5.193099418970567882e+01
-4.568768393647234660e+01,7.310043744638063856e+01,-1.600497224211764546e+01,-5.277497263783728698e+01
-4.773397351945421718e+01,7.331020084841030382e+01,-1.662620268032418380e+01,-5.214790181287465742e+01
-4.807035862058395281e+01,7.190878421098368278e+01,-1.549375531071874512e+01,-4.925525754707140180e+01
-4.844806257192757215e+01,6.941139498849686618e+01,-1.540877270535312427e+01,-4.821921321640588332e+01
-4.786060455042092343e+01,6.774872278349705823e+01,-1.289895652582690921e+01,-4.905528991858169974e+01
-4.767023188303727466e+01,6.741992799106394330e+01,-1.138679339875556273e+01,-5.160997388011771392e+01
-4.745020577879670753e+01,6.540152774536581148e+01,-1.451281765117995981e+01,-5.366834239125447681e+01
-4.690594397735478793e+01,6.365919259062815172e+01,-1.814942884959040370e+01,-5.157092428852524790e+01
-4.621411352912389958e+01,6.348503294298350141e+01,-1.851076273291904428e+01,-4.971419706580457643e+01
-4.429126489729878813e+01,6.316109928578066501e+01,-1.740152439731505396e+01,-4.682308509681781317e+01
-4.334441838761870969e+01,6.594916947644568950e+01,-1.988208228734764660e+01,-4.660513354782046491e+01
-4.473965560383486917e+01,6.739834271183207193e+01,-2.241731893041606227e+01,-4.775605130156642275e+01
-4.660760286637404448e+01,6.793970620413716688e+01,-2.362566758380778253e+01,-4.820300383441551162e+01
-4.719967996305447855e+01,6.931180309856557642e+01,-2.334640411171909236e+01,-4.768663378458027324e+01
-4.639334725704691920e+01,7.188015455246103613e+01,-2.269859937882973711e+01,-4.662370596832142411e+01
-4.767576865642595862e+01,7.079709044530966366e+01,-2.492693793223117282e+01,-4.887315208342397455e+01
-4.836098541250131433e+01,6.796955950307346939e+01,-2.716319254568671582e+01,-5.137160782350076715e+01
-4.948008050317653073e+01,6.414784133300638302e+01,-2.720165973992489583e+01,-5.401591053888081007e+01
-4.922625792360273067e+01,6.309760185471574090e+01,-2.629940968711229843e+01,-5.410212580539562310e+01
-4.792458873413542619e+01,6.309501908852092811e+01,-2.564121644501999242e+01,-5.392391778319015572e+01
-4.427968988429564234e+01,6.285282408451190150e+01,-2.206233119955806288e+01,-5.155089992397224563e+01
-4.059112516984715313e+01,6.279381973229933323e+01,-1.930102283806051489e+01,-4.959374042963917617e+01
-3.985752314112233563e+01,6.119990465745870978e+01,-1.825613665515722062e+01,-5.040899306569423288e+01
-3.770192213382746615e+01,5.911905711533043473e+01,-1.742679474425873209e+01,-4.909039117751736825e+01
-3.613051202251068617e+01,5.799845703662960972e+01,-1.802159265046405423e+01,-4.744504864425739044e+01
-3.514951439753573226e+01,5.898430328339077278e+01,-1.897849948658529584e+01,-4.643975853661275011e+01
-3.599201689839193818e+01,5.903078421347024829e+01,-1.990571399747469883e+01,-4.877763619706382769e+01
-3.719558421849801988e+01,5.823171843271736492e+01,-2.030742727548502202e+01,-5.114735591066497733e+01
-3.622282947342404213e+01,5.613479980238313516e+01,-1.843574372933818495e+01,-5.167341783595896487e+01
-3.705878921343086319e+01,5.429604124302233004e+01,-1.744282257370225508e+01,-5.103301693155916752e+01
-3.857601296948166691e+01,5.403620897913197751e+01,-1.832599628161041494e+01,-5.149061246512326306e+01
-3.760583885462894926e+01,5.481440364114590835e+01,-1.814375762204512910e+01,-5.066265850830368578e+01
-3.561527753695541065e+01,5.451286675335614973e+01,-1.587363983836534409e+01,-4.762126675408405418e+01
-3.176896325521176934e+01,5.335645250269988082e+01,-1.295032092315418204e+01,-4.468877833774001118e+01
-3.010486632005749641e+01,5.726138714926396034e+01,-1.136628108635521528e+01,-4.616899960610913212e+01
-3.089758317698576207e+01,5.993190490694092887e+01,-1.187722560450024822e+01,-5.174754539567492628e+01
-3.231732166932126660e+01,6.079518786228593541e+01,-1.318623018368858801e+01,-5.882909106959770185e+01
-3.570601078780473614e+01,5.875364423045774487e+01,-1.548613577785252460e+01,-6.430952148468125529e+01
-4.076182566375850769e+01,5.627907803304759682e+01,-1.734308372127797426e+01,-7.046826495983454208e+01
-4.167296028857332857e+01,5.367502475646423221e+01,-1.597172945308326852e+01,-7.318941543995211418e+01
-4.351781755017774600e+01,5.264080452466298965e+01,-1.476939673977065759e+01,-7.565675693756777775e+01
-4.439121249848201245e+01,5.060006059516924637e+01,-1.440673412122117725e+01,-7.516567378777936881e+01
-4.383413547808904553e+01,4.801332333541105157e+01,-1.314150501254059655e+01,-6.821696618476272533e+01
-4.162843960593914261e+01,4.742566328701911260e+01,-1.095227113068493452e+01,-6.498015808707719998e+01
-3.943111558276361706e+01,4.874434587087333881e+01,-7.370908816373288097e+00,-5.832790749965371901e+01
-3.884210578864165342e+01,5.090054163698564338e+01,-4.983013027220892788e+00,-5.170384790258832908e+01
-4.087144319167692430e+01,5.151977566381156493e+01,-5.951123771720194355e+00,-4.970685491799381595e+01
-4.308857357476955485e+01,5.038790216258547616e+01,-8.721374091874960044e+00,-5.114355796651010877e+01
-4.510638067178538080e+01,4.843884380247015997e+01,-1.053622731894241404e+01,-5.184631585195080561e+01
-4.357213156439453883e+01,4.733810583276643769e+01,-9.688355997506180373e+00,-4.959013506540824068e+01
-4.036346890584690783e+01,4.717681466356958708e+01,-7.087541565546591649e+00,-4.717503271222515338e+01
-4.043428406907168693e+01,4.711350952809362269e+01,-5.694192996670769169e+00,-4.683599722232545304e+01
-3.673026099014922607e+01,4.584847240353022357e+01,-5.959504736274500836e+00,-4.752751487332535163e+01
-3.593491049029529449e+01,4.471317496307230499e+01,-6.624126782207973463e+00,-4.748128829856121769e+01
-3.573825424370252790e+01,4.305617615534921327e+01,-5.789541719448831003e+00,-4.586655050962657043e+01
-3.346986406188283780e+01,4.326761512662825027e+01,-3.433877533695762541e+00,-4.254174876845801379e+01
-2.968619069075406358e+01,4.389748809258777129e+01,-1.389972051321744173e+00,-4.027537271620203541e+01
-2.839048745468994284e+01,4.167027978772847518e+01,-1.505431879776705673e+00,-3.873831749389209733e+01
-2.708662305012773075e+01,4.034675903311524081e+01,-2.640120990400353751e+00,-3.826993952367607932e+01
-2.819114583372685345e+01,3.952358020969862196e+01,-3.704812088303988560e+00,-3.918365725336755645e+01
-2.561000303136406231e+01,3.897715767927972053e+01,-3.896502695634220803e+00,-3.904160042083896087e+01
-1.869242064825837346e+01,3.752215525983358901e+01,-3.372231684296172372e+00,-3.615249416939156646e+01
-1.880285776752851135e+01,3.597391114249042943e+01,-3.106364502459362686e+00,-3.453497351901224732e+01
-1.908223432171532252e+01,3.552800812455898694e+01,-2.351781029133730438e+00,-3.155556897957286466e+01
-1.830652207175478807e+01,3.544021103571367348e+01,-1.570504293437811727e+00,-2.899370339338403824e+01
-1.543596874963036747e+01,3.655511763772538814e+01,-4.325253190819158822e-01,-2.730766660748486174e+01
-1.478354901978807412e+01,3.748967137991024146e+01,-1.385258235130351068e-01,-2.738335244761157128e+01
-1.660644819454299181e+01,3.751903555660566525e+01,-9.493476463705382562e-01,-2.790169247527735763e+01
-1.689574741382665479e+01,3.613488523348191706e+01,-9.371095432635717648e-01,-2.765404447277735400e+01
-1.461907203475406902e+01,3.386627654414255773e+01,-8.004807993772686814e-01,-2.669018284039321998e+01
-1.099830300565171548e+01,3.245804287357889706e+01,-1.145434117970289378e+00,-2.581678387537229469e+01
-8.813405416308384588e+00,3.036178314720663707e+01,-1.384931470617659643e+00,-2.528743863567027361e+01
-8.138621050592529826e+00,2.921277722725636394e+01,-2.614472685262067553e-01,-2.403514474693646719e+01
-8.302215281622522980e+00,2.684753314705298166e+01,3.103140146198484217e-01,-2.521834539795484531e+01
-7.561389714938319351e+00,2.517560020465914761e+01,8.723142876190431716e-01,-2.689959270164032645e+01
-8.249329592329031513e+00,2.435050656159365090e+01,8.499369068394955207e-01,-2.956632979911028158e+01
-9.302760748431095905e+00,2.307184194085561657e+01,8.815047654774339492e-01,-3.133243981439184722e+01
-9.544867005244540792e+00,2.250740173838504532e+01,8.647885802632444552e-01,-3.156573963968501673e+01
-9.259259036310639956e+00,2.271738216389161025e+01,2.112045479312385510e-01,-3.172032731887684420e+01
-9.491354645261884215e+00,2.106835989065557513e+01,-1.561281986094999352e+00,-3.199618788775693190e+01
-8.842707493267731422e+00,1.676846138623546878e+01,-2.139360034287776102e+00,-3.150700174311853274e+01
-9.374466792426236594e+00,1.411922842419649271e+01,-2.434168497165617229e+00,-3.098658949789766837e+01
-1.039809304201052953e+01,1.405366138362043138e+01,-2.127706646777310251e+00,-3.021753680489888083e+01
-1.056517542781559804e+01,1.506077397818386032e+01,-1.193949077481851306e+00,-2.963855639706970990e+01
-1.038603411183966152e+01,1.497871331306895115e+01,-6.859348237022141470e-01,-2.809475978024839904e+01
-1.035886257996685522e+01,1.423692768158884725e+01,-2.538447271493448620e-01,-2.610308977163194299e+01
-8.919853313089381786e+00,1.257297151100765120e+01,2.965258288090429420e-02,-2.464915658131510057e+01
-6.539458659442582977e+00,1.182058476470504438e+01,7.201041241345530475e-01,-2.352363487793627783e+01
-3.843545685027404346e+00,1.329768069140298081e+01,1.803789769491423556e+00,-2.283043413703602198e+01
-2.550328010824939096e+00,1.209252394428926003e+01,2.571924988604967321e+00,-2.196427903517488645e+01
-2.043370535198718585e-01,9.221420895729140810e+00,2.882395755600960285e+00,-2.138675934922026656e+01
1.409542803766295149e+00,7.781271448605630248e+00,3.580258080512690011e+00,-1.985850919193233821e+01
2.541725560406222773e+00,6.678070949134621515e+00,4.442815066591208506e+00,-1.846381322392477742e+01
7.709062357465930937e+00,6.856561582054626847e+00,6.187570393459140838e+00,-1.577791198439400233e+01
1.144849547311820537e+01,7.056600510114105163e+00,7.606778104733095347e+00,-1.330862411272708279e+01
1.468622578049420291e+01,6.331553900092958820e+00,9.170714130262206609e+00,-1.044753883919683801e+01
1.932693516827719193e+01,6.106133872804716312e+00,1.071122197681803812e+01,-7.972581671024968841e+00
2.267228532298358346e+01,6.964629719636765692e+00,1.081674470046937842e+01,-8.083410655469798201e+00
2.527325914418765862e+01,2.707632585061272579e+00,1.136730569022143733e+01,-6.778845089267430346e+00
2.597593674415087506e+01,-6.183124718941712672e-01,1.216971288275421337e+01,-5.285889159654352021e+00
2.714510581970407443e+01,-7.111146377475160429e-01,1.354981535774157919e+01,-3.215515560124848182e+00
2.950615299641296829e+01,-2.466722258201048401e+00,1.508665539006725531e+01,-7.370716015135156951e-01
3.207836541046763301e+01,-7.135079671103718546e+00,1.589729530682767944e+01,5.066987901433552821e-01
3.461638266016928611e+01,-1.026811907717165440e+01,1.601123600388243418e+01,1.324254495387332753e+00
3.627372900850919990e+01,-1.085319914539330988e+01,1.633443450443319733e+01,2.030292625783209015e+00
3.768516446547455701e+01,-1.080951198441476357e+01,1.681214597815592526e+01,2.473860131072790569e+00
3.794389243618712015e+01,-1.058276719014028622e+01,1.794730997877514156e+01,3.727225353372951133e+00
3.882860601051458360e+01,-1.061680742849632253e+01,1.937719638598753491e+01,6.033600163507277792e+00
4.005834938963409542e+01,-1.096945298444641459e+01,2.011692278975966275e+01,7.684510419134085168e+00
4.133148790804938955e+01,-1.119544251142540325e+01,2.026374003406021274e+01,8.345246812764388622e+00
4.221165242662714689e+01,-1.137862637237095420e+01,2.037865901712157424e+01,9.690556194811954072e+00
4.432640507014857434e+01,-1.091255319704542082e+01,2.086051982106126701e+01,1.209644403753001463e+01
4.667453816241398812e+01,-1.065128999548240252e+01,2.157573101177284158e+01,1.468575687433861532e+01
4.961911656529624537e+01,-9.920173456908131016e+00,2.247404850661972020e+01,1.637111212395032211e+01
5.210013410052218319e+01,-9.489841147551400624e+00,2.304498201842666560e+01,1.726181332284457071e+01
5.391212631761030849e+01,-9.730653477349601843e+00,2.310585193379191082e+01,1.779896581249182930e+01
5.537397226760062807e+01,-1.023162082526453709e+01,2.336694428810046631e+01,1.912295368880581847e+01
5.676812811555396365e+01,-1.022556682278527163e+01,2.403004497607670586e+01,2.159090686763285305e+01
5.804007632816072260e+01,-1.014063080629649427e+01,2.492942989849036550e+01,2.306363097095514547e+01
5.944134032973372683e+01,-1.073281310165914171e+01,2.499771788197438482e+01,2.333572373312590287e+01
6.114475721148820497e+01,-1.086413272741325109e+01,2.543211633654622617e+01,2.437329153070485788e+01
6.238352913367847208e+01,-1.163027834188281595e+01,2.564688754918669744e+01,2.695173859767986713e+01
6.368505873265021933e+01,-1.199392085802399244e+01,2.543825948360168709e+01,2.937639456927462689e+01
6.520886205614732489e+01,-1.167605201434537854e+01,2.513319549097789363e+01,2.969543343462385110e+01
6.659190167259784232e+01,-1.114284476516920108e+01,2.470811150331053341e+01,3.198671244394000723e+01
6.790454871665342296e+01,-1.017631836100323817e+01,2.506696701424179707e+01,3.579830820043169837e+01
6.873929793468829530e+01,-9.871341986360578247e+00,2.351264367098206165e+01,3.765528054825458071e+01
6.916608089191691988e+01,-1.008296191266734887e+01,2.322844438724843030e+01,4.116705052481980687e+01
7.022724059640630401e+01,-1.025858711704272253e+01,2.347821183547972623e+01,4.547693544486363493e+01
7.164489080202488935e+01,-1.040736422731450084e+01,2.431235739447228639e+01,4.814614504388948291e+01
7.292808173875253885e+01,-1.007413169320498447e+01,2.501085668407307594e+01,5.049594922848856271e+01
7.462062218052669493e+01,-1.004697281599659142e+01,2.596881818793768915e+01,5.317682939304511791e+01
7.630669748443015976e+01,-9.820819035144747744e+00,2.673865523945329414e+01,5.588135528984335565e+01
7.719193601906867741e+01,-8.868511150092659889e+00,2.759605676971760957e+01,5.880203552113067644e+01
7.775980236834810455e+01,-8.075091001289029791e+00,2.754093711588834026e+01,6.018166828646165101e+01
7.826573013556252079e+01,-7.492782416771254894e+00,2.722233905676595001e+01,5.970255846287100354e+01
7.855110507370747541e+01,-6.387074863455656448e+00,2.714397309315744522e+01,6.113913377283245865e+01
7.869994907504039361e+01,-5.590268267202314512e+00,2.751657959165080669e+01,6.371908785826925481e+01
7.878930915451559258e+01,-5.654161945242076825e+00,2.807136915529612509e+01,6.491935671487020443e+01
7.905695843004362189e+01,-6.342162277134518966e+00,2.876610955646773959e+01,6.720837751009294436e+01
7.949498309230040149e+01,-7.146565399634873472e+00,2.929196244911440417e+01,6.946843424338071316e+01
7.885948226697325936e+01,-7.077713543543400654e+00,2.981794048721700463e+01,7.008294691245231434e+01
7.722549048099433833e+01,-7.685747748052437878e+00,3.040540889664356428e+01,7.072451710855595763e+01
7.945492425726217789e+01,-8.903593972335441364e+00,3.149819296980112071e+01,7.339926354063554470e+01
8.202898195441667895e+01,-9.777322799343012960e+00,3.230794379568622787e+01,7.614182756084731807e+01
8.202040378691947353e+01,-1.046199181000408451e+01,3.202622827768191627e+01,7.706287337057911202e+01
8.300708357693318362e+01,-1.147959395075780797e+01,3.155591607911913954e+01,7.770139047690625489e+01
8.525958479626670794e+01,-1.318117913992261059e+01,3.149096342830690176e+01,7.788424048617793005e+01
8.698695563259364860e+01,-1.480661107559190803e+01,3.166904667601876611e+01,7.794921225696323575e+01
8.871449833991535172e+01,-1.552783433886307307e+01,3.209378849448363979e+01,7.953578821016013478e+01
8.973121643007171144e+01,-1.594849541774177482e+01,3.264834271129144128e+01,8.027019949261568854e+01
8.896584301982075260e+01,-1.613109205988419959e+01,3.320933500527794280e+01,8.179277506867947523e+01
8.810260408287707889e+01,-1.643279060593876650e+01,3.377166970354869591e+01,8.263290066704811920e+01
8.705320041378979568e+01,-1.667653020493615301e+01,3.378028026616600954e+01,8.247137362794988746e+01
8.665197282888073005e+01,-1.691949817346167606e+01,3.361106364580996342e+01,8.265012876539401532e+01
8.723133895451503861e+01,-1.698531262959141941e+01,3.353470761581825599e+01,8.286667940381600772e+01
8.728590524346925861e+01,-1.708645216081392348e+01,3.368715007549710094e+01,8.311229281376772349e+01
8.663055514855913941e+01,-1.709188008017562765e+01,3.349744464928235033e+01,8.348984333559258175e+01
8.596928857237377031e+01,-1.687185787008666082e+01,3.330857041168687260e+01,8.428704093377746176e+01
8.648093330449061966e+01,-1.629710569868922576e+01,3.312116145919541310e+01,8.499699307927498637e+01
8.735615160391499501e+01,-1.612775122221215085e+01,3.316439996681763347e+01,8.528772763749027774e+01
8.692791968916448297e+01,-1.594765589608866918e+01,3.296548006822751375e+01,8.502961464727471252e+01
8.733477196760368599e+01,-1.610980354142247251e+01,3.319070214828801824e+01,8.521438680283226574e+01
8.731573168382743688e+01,-1.591014086369110458e+01,3.368409081505941316e+01,8.573297642775666816e+01
8.776845665894437332e+01,-1.540970099732097509e+01,3.400963966977338515e+01,8.538229465212339164e+01
8.873802034215209744e+01,-1.522258560700397645e+01,3.415430624844376695e+01,8.476362659368767538e+01
8.767859195278363416e+01,-1.546316247405557398e+01,3.407458378716444258e+01,8.383360762253977327e+01
8.604747576824756550e+01,-1.584904366508794205e+01,3.423717401218514311e+01,8.289472211221082887e+01
8.431316448965837651e+01,-1.566112083000681743e+01,3.454183173105275984e+01,8.253938109596704464e+01
8.366285397706927540e+01,-1.609636299545317684e+01,3.493846958588380147e+01,8.262116305055046439e+01
8.344164858264180396e+01,-1.627816795240152814e+01,3.475930088167988430e+01,8.259932784865644351e+01
8.373255642265438325e+01,-1.638194209990868089e+01,3.446806807854409271e+01,8.246727626218496709e+01
8.357882486175540748e+01,-1.625769470177566234e+01,3.447878793962896538e+01,8.196720711887367372e+01
8.320572084381517186e+01,-1.635520608275317755e+01,3.420683879955582540e+01,8.057900156905868982e+01
8.322427534919262371e+01,-1.650392134203537964e+01,3.354531575565405888e+01,7.939594550314915011e+01
8.262839931738709254e+01,-1.722222228647348885e+01,3.320047576373931975e+01,7.934915125053244367e+01
8.115958058460442714e+01,-1.793667384205344817e+01,3.313355148321252841e+01,7.976501305266454267e+01
8.006492650611897943e+01,-1.813174926229069328e+01,3.309229966186839533e+01,7.963196198860357811e+01
7.881737513142667240e+01,-1.842456227581375927e+01,3.286410668616786523e+01,7.996576915792297768e+01
7.887843558290417434e+01,-1.820167031828913196e+01,3.280507266838966274e+01,7.961006926249464755e+01
7.863880039336613947e+01,-1.824104845349453186e+01,3.296259575351313487e+01,7.918107479106811297e+01
7.809376485677182700e+01,-1.818987280386684446e+01,3.258462459248494270e+01,7.885753943032591451e+01
7.735196864878152212e+01,-1.816776093854232954e+01,3.245848390293350150e+01,7.928657069887957221e+01
7.603653363847742241e+01,-1.847073745067289607e+01,3.232983129295277536e+01,7.968525962140653007e+01
7.576241148231719080e+01,-1.832892130328410829e+01,3.128815295494359816e+01,7.890077197380468021e+01
7.508555544914588609e+01,-1.850327761241029023e+01,3.073300178298593721e+01,7.781622768402802137e+01
7.444698428194497808e+01,-1.858428562369132564e+01,3.070617737142316273e+01,7.707939626764610352e+01
7.416091535655748146e+01,-1.846962688387305818e+01,3.074247995892012852e+01,7.674426695183966274e+01
7.422097238812190767e+01,-1.836118443332555117e+01,3.046087336737404527e+01,7.633164128982677710e+01
7.509210182821482249e+01,-1.811622727372586539e+01,3.047880354249404533e+01,7.651633601241626081e+01
7.513777054342577344e+01,-1.752083409103496336e+01,3.100320832827529216e+01,7.574203636296222442e+01
7.302461614370619714e+01,-1.755494720627536154e+01,3.207435818235084213e+01,7.536037465569778249e+01
7.141382964265142164e+01,-1.827238442424738096e+01,3.295783391736845402e+01,7.515849893723962794e+01
7.023282323813123185e+01,-1.837567606341677973e+01,3.356915981526739756e+01,7.489856506894746246e+01
7.019849234806788729e+01,-1.817680615836428260e+01,3.341527762002419166e+01,7.453469040044929272e+01
6.929523982956948203e+01,-1.827487187912728572e+01,3.307422227557525929e+01,7.441746014557547539e+01
6.867624207919200785e+01,-1.811186630267295428e+01,3.267686053207911812e+01,7.487201330051702541e+01
6.840456096389367247e+01,-1.796474444531514791e+01,3.228618632986205483e+01,7.523747142479177796e+01
6.807225717378993579e+01,-1.777815596808669696e+01,3.203338169730331941e+01,7.458427436998600513e+01
6.808172735238969153e+01,-1.790983063478063286e+01,3.144401851155366856e+01,7.384587416816998484e+01
6.796339378203789749e+01,-1.864039756104742906e+01,3.061037166388217656e+01,7.277085545748940376e+01
6.689064858085603760e+01,-1.909799087645129489e+01,2.967955189410797701e+01,7.165940416245129541e+01
6.546033933743763100e+01,-1.941465854937628777e+01,2.919319465680264258e+01,7.088104124196381406e+01
6.367726103204191901e+01,-1.967177428057136268e+01,2.913738861936130675e+01,6.969756619481022142e+01
6.266428183445230360e+01,-2.001547127656282399e+01,2.877739999435437923e+01,6.842682249901118041e+01
6.283679833739358855e+01,-1.988946162434775999e+01,2.846626787015811644e+01,6.763649316050893390e+01
6.220976003798338638e+01,-1.982397647266590113e+01,2.812228597837649957e+01,6.702700447439863751e+01
6.146633434791772288e+01,-1.993318715713189704e+01,2.785899499036768745e+01,6.640083301321305953e+01
6.032130391695673666e+01,-2.011972347388641680e+01,2.752636917732534982e+01,6.557783960430066372e+01
5.969550838513279700e+01,-2.042042809825999328e+01,2.730559561941860736e+01,6.529649586426681651e+01
5.932422896015767577e+01,-2.055455054005379267e+01,2.720332930015453599e+01,6.532506674468970687e+01
5.988100976661505825e+01,-2.070530820253907933e+01,2.694614644905367129e+01,6.532036836478852138e+01
6.075866219098777066e+01,-2.077151392505487237e+01,2.663244099110181651e+01,6.566609821119557466e+01
6.124330959421020992e+01,-2.062006811742611845e+01,2.606175260147055539e+01,6.593831296372985662e+01
6.092471271312006564e+01,-2.045135041938091192e+01,2.588132389122468524e+01,6.626013799922944258e+01
6.057662333143614575e+01,-2.060256655749087074e+01,2.587921672424067410e+01,6.587565702865065020e+01
6.071911781537871633e+01,-2.092837807336339040e+01,2.610316318281439862e+01,6.584523426119392298e+01
6.014619379120876630e+01,-2.156100521334796483e+01,2.620325782608862042e+01,6.630040631942698326e+01
5.882399307682934619e+01,-2.208762553980406196e+01,2.654429743303242617e+01,6.583459097800489701e+01
5.813155637006377674e+01,-2.230166246279170039e+01,2.678827142084386992e+01,6.524678792240690939e+01
5.782398144482783664e+01,-2.249556717361076608e+01,2.693158007970761858e+01,6.519538033285232359e+01
5.697942128783665083e+01,-2.245866925361056587e+01,2.712984385690849010e+01,6.565453276669461502e+01
5.592146156112109878e+01,-2.240038619586839275e+01,2.723042932564660035e+01,6.523180038183200224e+01
5.620658619378185250e+01,-2.259120266282544165e+01,2.719212001932845979e+01,6.479613276336326066e+01
5.612419239544641414e+01,-2.275698777515455618e+01,2.687440387778328343e+01,6.443665705927342913e+01
5.554652437757442129e+01,-2.255878064341625233e+01,2.656395463069652507e+01,6.407290204617173401e+01
5.588622582197033495e+01,-2.236181768953297322e+01,2.633517490224367918e+01,6.300316579692639607e+01
5.616653631667387003e+01,-2.220408453464593279e+01,2.633928543366046071e+01,6.185616119946973868e+01
5.613274484333917513e+01,-2.210265706724647927e+01,2.603710471803229964e+01,6.083681843419179103e+01
5.643761995280747357e+01,-2.202524224682105114e+01,2.575844846191718673e+01,6.068212948051376543e+01
5.622095843018920647e+01,-2.203906039806693684e+01,2.560507209922159788e+01,6.104972587997550448e+01
5.612971232696742874e+01,-2.179474192441515967e+01,2.535583454894196720e+01,6.079898789937887926e+01
5.676370289553270965e+01,-2.162770116472468374e+01,2.524571664416769678e+01,6.090238250336432202e+01
5.550414036775826077e+01,-2.197558806958050681e+01,2.475760979977803444e+01,6.058081221452661680e+01
5.515732168844030525e+01,-2.212654713548840846e+01,2.506189621844760040e+01,6.043665698870305647e+01
5.481419028461274223e+01,-2.236418205393097836e+01,2.492212034412728272e+01,6.060409172321451621e+01
5.528945866318928637e+01,-2.222362300188368067e+01,2.411767604593542913e+01,6.063999048195837105e+01
5.540532208840505746e+01,-2.225578983029975788e+01,2.402190438685988383e+01,6.080060291039515619e+01
5.528006502562467261e+01,-2.262810304777605097e+01,2.405787103016461614e+01,6.143742828644571574e+01
5.489654535525752976e+01,-2.308592192727679659e+01,2.368443390919157210e+01,6.157758108602774172e+01
5.485894580662525755e+01,-2.310985197361198473e+01,2.281927491540635700e+01,6.025721788611419782e+01
5.436932032823330019e+01,-2.279383679973028620e+01,2.184716673449985080e+01,5.909599341850395149e+01
5.463961417680663857e+01,-2.288472541509279168e+01,2.171521311723387626e+01,5.887230563416363793e+01
5.517519400091117632e+01,-2.316034689102189148e+01,2.177872618126351156e+01,6.021871366438941209e+01
5.525472826796752912e+01,-2.342612161848900953e+01,2.148294492849557358e+01,6.104713548913463228e+01
5.488886084269891086e+01,-2.345682584630581502e+01,2.089654847350459121e+01,5.949956233138499329e+01
5.448759021393353663e+01,-2.360451807057094697e+01,2.066522699445422973e+01,5.841885835950846939e+01
5.423383032892758848e+01,-2.352212652424873696e+01,2.106738438925735935e+01,5.867547324535694742e+01
5.309502743210637021e+01,-2.351013244046990636e+01,2.116490138568093826e+01,5.845305557966823784e+01
5.130376126571098894e+01,-2.356149531498629912e+01,2.091106448528594086e+01,5.766961506625394662e+01
5.036120186911552565e+01,-2.348676145889187339e+01,2.026676507690635631e+01,5.727931513302778654e+01
5.002812704582496650e+01,-2.314151773050615546e+01,1.989327011402798817e+01,5.707960991241071014e+01
4.974333842020367769e+01,-2.257085620523596603e+01,1.962554632612227579e+01,5.623319628833280603e+01
4.816395219294480512e+01,-2.223994651866856387e+01,1.906561474327644135e+01,5.515407431302431718e+01
4.715787463758925213e+01,-2.182582392455119091e+01,1.850113297656434597e+01,5.453512893781024928e+01
4.786587587879964900e+01,-2.182269092844425629e+01,1.775211605408706816e+01,5.407624056665654422e+01
4.957761444591886857e+01,-2.190635450445668653e+01,1.763536146732250032e+01,5.435371088866757106e+01
4.988775619006054285e+01,-2.188858652372136149e+01,1.652417024609713891e+01,5.457329368197233777e+01
4.970009421420630957e+01,-2.193714079296900366e+01,1.615412932063275875e+01,5.516590538381948505e+01
4.925943084221966473e+01,-2.206434366332733532e+01,1.604003195639824852e+01,5.539383708928465211e+01
4.957120208036230480e+01,-2.219052110551698220e+01,1.587784775077239097e+01,5.498586549683500380e+01
5.006354921619422527e+01,-2.228908077174219571e+01,1.587673192883355888e+01,5.491075282695918958e+01
4.933926965802197628e+01,-2.266641523504360478e+01,1.607904509581380026e+01,5.466770749211605107e+01
4.840110159923479927e+01,-2.255530393425572910e+01,1.647722766879930489e+01,5.405612331796774583e+01
4.921314629645848271e+01,-2.215661228538794703e+01,1.690397501370615174e+01,5.413922321777369007e+01
4.889300902563639539e+01,-2.163636044464043451e+01,1.761959256781227268e+01,5.436213867468266159e+01
4.732070211148990069e+01,-2.142248612009201736e+01,1.784487613259135586e+01,5.429099719939029001e+01
4.629132884570688589e+01,-2.169339656195414534e+01,1.794592020576353164e+01,5.456887487278689974e+01
4.636779035730598508e+01,-2.250228303440580291e+01,1.806954083690417079e+01,5.445637903556902870e+01
4.666520426527836918e+01,-2.279570985456246390e+01,1.853675587531481384e+01,5.375811711018135242e+01
4.655195153034596700e+01,-2.285356817986462374e+01,1.896467230392682524e+01,5.356791650904209945e+01
4.620554848994842700e+01,-2.267427727172946561e+01,1.931128407022569249e+01,5.371460557891597176e+01
4.682908045096743166e+01,-2.287494651048286798e+01,1.953809672123102814e+01,5.450908616647003413e+01
4.661912187186802470e+01,-2.299769014885022145e+01,1.906723953194120824e+01,5.454118583962753064e+01
4.606291654562748050e+01,-2.306683701127659347e+01,1.867124330166653579e+01,5.419734421369562938e+01
4.548709981761751209e+01,-2.324898804965231136e+01,1.832729431305177670e+01,5.393616337748800760e+01
4.529084749398720078e+01,-2.362288286555459038e+01,1.850265887620983563e+01,5.373291152159711714e+01
4.549623384715980023e+01,-2.375460100943796604e+01,1.839622893592727593e+01,5.278690073860143883e+01
4.556162073260146173e+01,-2.382213532789340960e+01,1.862949767369629228e+01,5.169710353515169032e+01
4.531361430751710628e+01,-2.369894295110496429e+01,1.855284987062037061e+01,5.119151727878912794e+01
4.461436523256836750e+01,-2.351551588250847047e+01,1.817303424664498834e+01,5.015563464258915616e+01
4.432970003656509306e+01,-2.365894753181495602e+01,1.791001276923043761e+01,4.937155911380006046e+01
4.385770398576911333e+01,-2.405475596343308098e+01,1.796660228208247290e+01,4.975716746391220369e+01
4.376388877770693142e+01,-2.402428157686063059e+01,1.788053587562952984e+01,5.031644983774524604e+01
4.387527976511802308e+01,-2.333712715913616975e+01,1.763404027697931653e+01,5.015232860673600612e+01
4.446914406130935049e+01,-2.293096600337363000e+01,1.773616264054598446e+01,4.966388412563561161e+01
4.422753634175836623e+01,-2.276222362686840128e+01,1.778380057714280227e+01,4.932739330810245093e+01
4.289526529600552607e+01,-2.302584680490243940e+01,1.789227914297663702e+01,4.879598978092556649e+01
4.189940070001409111e+01,-2.298527195257035416e+01,1.820851649647203274e+01,4.858132614533153770e+01
4.050406890273578853e+01,-2.308674358611759203e+01,1.778083467459710576e+01,4.825525741841846639e+01
4.027630541201873626e+01,-2.329666673550453382e+01,1.756804887007575644e+01,4.792160842641150253e+01
3.940814351168835117e+01,-2.326061703233446565e+01,1.755164159707102911e+01,4.811444914751375990e+01
3.801174572408472585e+01,-2.343097835710660704e+01,1.713405906914723076e+01,4.773906558579231074e+01
3.618063860741758475e+01,-2.367209659164601376e+01,1.680354210832342687e+01,4.709423687061246966e+01
3.567010637202300671e+01,-2.343984459184358116e+01,1.678214823091446206e+01,4.623106529448014612e+01
3.523483988364108654e+01,-2.366409664444818972e+01,1.661922281979992633e+01,4.443210700567333760e+01
3.461313331004244276e+01,-2.391149865125050056e+01,1.641207512846778016e+01,4.235313696182536347e+01
3.459369261411940499e+01,-2.406527898898839979e+01,1.626283902987555052e+01,4.223812972295021240e+01
3.335610642979838758e+01,-2.444355127669637895e+01,1.564846750198771019e+01,4.153530085414887907e+01
3.150471175142235225e+01,-2.457815557672657292e+01,1.516564931924030191e+01,4.000605882587694850e+01
2.980118907395458905e+01,-2.457804332152277027e+01,1.501139211403130069e+01,3.813340975882951511e+01
2.952506340063759538e+01,-2.434907463003352746e+01,1.379872752234197719e+01,3.659572944537566741e+01
2.972222233549251769e+01,-2.361853778149263405e+01,1.331869684254386321e+01,3.718491817170379932e+01
2.960372515301668273e+01,-2.326114408790509458e+01,1.360027772280209923e+01,3.833322824456438838e+01
2.919256325660523643e+01,-2.298854974034541954e+01,1.400274515254196750e+01,3.834165397356590432e+01
3.013683400055508343e+01,-2.288208799791197023e+01,1.400530549935285940e+01,3.817829364707228734e+01
3.084696727213803058e+01,-2.258252084582360908e+01,1.406895564594251802e+01,3.759890443710011709e+01
3.150425698520688300e+01,-2.238603408602780931e+01,1.405249820951761386e+01,3.782394742336733628e+01
3.052196294473948512e+01,-2.262681390795395586e+01,1.367095853861702004e+01,3.739545521319293897e+01
3.039931937757469882e+01,-2.277804697027565695e+01,1.304736517894182413e+01,3.688767869709243996e+01
3.085188506767562799e+01,-2.291858848974737484e+01,1.278624600436111258e+01,3.728055028654898706e+01
3.133986247117474022e+01,-2.312129014297223861e+01,1.289027173067021259e+01,3.805774501562220991e+01
3.077665266905829000e+01,-2.348598747454661861e+01,1.307228030865819868e+01,3.923517874930900007e+01
3.039835777188930521e+01,-2.342352508711308801e+01,1.340882916180133577e+01,3.975362173948825983e+01
3.016402704442204552e+01,-2.338178243179696025e+01,1.384757173050098089e+01,4.055440155812549818e+01
2.941077255608684382e+01,-2.356451342207619248e+01,1.385925837954521000e+01,4.113420266035481632e+01
2.886870478222295233e+01,-2.380622152954664372e+01,1.385366336988271918e+01,4.185292206768092882e+01
2.911475513870057696e+01,-2.388927017027813804e+01,1.366190203440594608e+01,4.289795458033852782e+01
2.979978454881832661e+01,-2.376501988164971735e+01,1.353071179177197614e+01,4.275809314604649813e+01
3.062218737942124847e+01,-2.333777633946473529e+01,1.337878141331395909e+01,4.288532552080530280e+01
3.128074552834026534e+01,-2.282152953241235238e+01,1.329304027709087599e+01,4.375159185212263679e+01
3.109607619114538934e+01,-2.262877284983346726e+01,1.324993278366522809e+01,4.436019706398849394e+01
3.098838026538787815e+01,-2.264029113497217693e+01,1.294964878758835880e+01,4.442035060321609308e+01
3.060603455973232556e+01,-2.267858794017335455e+01,1.248876854275653336e+01,4.401727093470029217e+01
3.065526324933670210e+01,-2.238391112548821127e+01,1.227320710864520414e+01,4.455922365839143851e+01
3.081132655009463406e+01,-2.228030749506798713e+01,1.219149875148189288e+01,4.494606998036557144e+01
3.062765243724937747e+01,-2.241229778946305373e+01,1.215298569180877308e+01,4.510686240978386508e+01
3.011767722767585198e+01,-2.253184672294799995e+01,1.184224819900985892e+01,4.524328006271402813e+01
2.994567470674589416e+01,-2.234762098504833716e+01,1.123318307621012302e+01,4.506790776103443363e+01
3.048081674401283792e+01,-2.206573358718463851e+01,1.070882773915260167e+01,4.517901127676307738e+01
3.116543967701242934e+01,-2.176017414234962999e+01,1.035328563941161484e+01,4.608232083279190050e+01
3.165050992755518067e+01,-2.147143611274300312e+01,9.922321216392644416e+00,4.661471470436699605e+01
3.158042010949027301e+01,-2.131437971038759827e+01,9.346385942334565655e+00,4.661268148700153091e+01
3.055659587303940228e+01,-2.098367756044392962e+01,8.973459538833390425e+00,4.671568606857189110e+01
2.955093801784951779e+01,-2.053025384806670672e+01,8.685065643381969736e+00,4.603586338832369762e+01
3.353380591333343830e+01,-2.024616579364038316e+01,9.172224022560172330e+00,4.676221599602246926e+01
3.277437467014112116e+01,-2.023807856283862705e+01,8.357762295144176790e+00,4.534549213853166094e+01
4.191391190344049278e+01,-2.021091916638309982e+01,9.107190201815289043e+00,4.762465830106801690e+01
4.295956674581582746e+01,-2.026583857550972212e+01,8.446473818173961590e+00,4.812716963934718706e+01
4.118396087073387690e+01,-2.048015116421899151e+01,7.522285521616456805e+00,4.644822140895706752e+01
4.225269993218133635e+01,-2.072104858799118077e+01,7.923794497847768348e+00,4.624102375247914409e+01
4.199007688405998806e+01,-2.083308924984583044e+01,7.842396298764395368e+00,4.646266959112518435e+01
3.906251299033765889e+01,-2.063824567725782799e+01,7.643448229942414685e+00,4.556373953821871936e+01
3.844968196691008444e+01,-2.033120586201903635e+01,8.019548631979695585e+00,4.514029906927235203e+01
3.945358633953319583e+01,-1.981645968249273437e+01,8.288912759738837011e+00,4.506711939312642556e+01
4.001283022663653810e+01,-1.956038813394840759e+01,8.028987779514501710e+00,4.504407586222524884e+01
3.964634128492975407e+01,-1.945473890077328250e+01,8.047828003588456625e+00,4.528637720265942335e+01
3.931701603064358608e+01,-1.853270839475695908e+01,8.012842168206738336e+00,4.511387658509564602e+01
3.956150756231366472e+01,-1.889292704263818834e+01,7.648198209658521485e+00,4.468632010835379020e+01
3.936944515375839160e+01,-1.712484629582129969e+01,7.524782194136407476e+00,4.500928035241179259e+01
3.936819652737361963e+01,-1.659887357932199237e+01,7.681177552240772144e+00,4.474417603752382178e+01
4.032765892334529667e+01,-1.688438530990305964e+01,7.789792782874090271e+00,4.454170738633411020e+01
4.055492564503292385e+01,-1.667035922350683563e+01,8.216204799229439359e+00,4.351569707833351686e+01
4.018089815315370572e+01,-1.701905136236038274e+01,7.944070759999758202e+00,4.220841734778944243e+01
3.933869841453513772e+01,-1.759074055821984928e+01,7.928930691014884680e+00,4.158003172280077564e+01
3.922873160448042995e+01,-1.747611232603242115e+01,7.748437628508185071e+00,4.176140666539144064e+01
3.924761024056169134e+01,-1.675300163024077094e+01,7.489182585068566489e+00,4.241148348086142761e+01
3.892519568592731360e+01,-1.672881350337338446e+01,7.090424374726943313e+00,4.185883908757091376e+01
3.852796982894349753e+01,-1.697928823747488991e+01,6.683727433464677681e+00,4.059114061918577931e+01
3.779700837328672236e+01,-1.689940938742636689e+01,6.231347868753961627e+00,4.010551733857906953e+01
3.713871819039811584e+01,-1.663080149218950154e+01,5.841980341550766731e+00,4.054524635325549298e+01
3.659221130464681693e+01,-1.665452646317356411e+01,5.605417004438614903e+00,4.103199115290713195e+01
3.692075645365462577e+01,-1.629107471410693719e+01,5.529922694005126260e+00,4.139331166178153154e+01
3.746217840042567104e+01,-1.524058511352776968e+01,5.966691223541924494e+00,4.067604309135587215e+01
3.744156163072400290e+01,-1.432273902949677513e+01,6.215321630714911727e+00,4.022764169760990427e+01
3.670022861602044628e+01,-1.438899017805591285e+01,6.155974062083412690e+00,4.068434161909765834e+01
3.449947661239782093e+01,-1.374163529341640277e+01,6.106018714352207333e+00,4.037604858844051847e+01
3.402223192741081448e+01,-1.287654474072949462e+01,6.044328618124001018e+00,3.965268688199120817e+01
3.469231994911653771e+01,-1.277588660606996207e+01,5.773866296821153377e+00,3.839804718247780357e+01
3.442315531943292939e+01,-1.284640667494280031e+01,5.375803086195357849e+00,3.717498056002207107e+01
3.318454095491018307e+01,-1.258834026075574286e+01,5.243139894610128415e+00,3.665736720804322601e+01
3.176424182241396110e+01,-1.192515567103200702e+01,4.972748822460910212e+00,3.685702740950625156e+01
3.122954695433898564e+01,-1.219093181442454288e+01,4.831717103426250937e+00,3.650544829707453687e+01
3.107498915349464141e+01,-1.217523335703310927e+01,5.147201123245793930e+00,3.682614371550553756e+01
3.124948160807305797e+01,-1.120455920038421915e+01,5.625181615057162965e+00,3.786816064565717710e+01
3.244098086642091516e+01,-1.082981742483328169e+01,6.147894412787316298e+00,3.894940837655944676e+01
3.262271233524757008e+01,-9.183179252703450146e+00,6.135140238871918505e+00,3.886698235081406239e+01
3.180461812861549831e+01,-8.662985616521972076e+00,5.984085908364360940e+00,3.834684249814091572e+01
3.092207407905513605e+01,-8.480721373797097229e+00,5.871936165111230288e+00,3.753908645679518941e+01
3.097795632415414957e+01,-8.432763621998200065e+00,5.790163346446605352e+00,3.713678169455270961e+01
3.144574812662219188e+01,-8.245980633583572583e+00,5.572524088874385662e+00,3.679868378270872853e+01
3.108120475683017503e+01,-8.319276369366155777e+00,5.582536803151413984e+00,3.680258017824861838e+01
3.088801039816092953e+01,-8.419508129233983951e+00,5.546751388774661784e+00,3.724532302268317352e+01
3.055396178423568543e+01,-8.983509228754277487e+00,5.483678077848445298e+00,3.779137763940589423e+01
3.125337096295909234e+01,-9.449281262359050970e+00,5.365547628680045200e+00,3.824330707184949318e+01
3.102426353206915977e+01,-9.189624823870568449e+00,5.431225621833955408e+00,3.805857414933916516e+01
3.091351398722327914e+01,-8.441432338717570261e+00,5.787624553826051788e+00,3.749128973611342275e+01
3.085690817007662190e+01,-7.756678517538486695e+00,5.640439198902008400e+00,3.681788814114758424e+01
2.885767440033448494e+01,-7.939837047358479616e+00,5.405593117646461110e+00,3.530901162149714168e+01
2.839719066200703423e+01,-8.240337264877902967e+00,5.222564149913721643e+00,3.372933935369427871e+01
2.877221282653077949e+01,-8.173248967875737847e+00,5.007832864796802674e+00,3.241375864934235551e+01
2.893276601693013461e+01,-7.983938135911725631e+00,4.765653263080220192e+00,3.178230984452954999e+01
2.952905906079550746e+01,-7.735400950899925299e+00,4.924884772768015395e+00,3.122895837320606560e+01
2.961341313781958817e+01,-7.523496297765899676e+00,4.738513909796864709e+00,3.068593174760244935e+01
2.906819417622497781e+01,-7.446521282924295271e+00,4.306319770270946812e+00,3.043850427810796688e+01
2.872647369258200811e+01,-7.441023764227669979e+00,3.580561980171140135e+00,3.037938537697263541e+01
